{
  "total_queries": 5,
  "avg_response_time": 0.010274505615234375,
  "avg_relevance_score": 0.4306958973407745,
  "avg_context_score": 0.4111111111111111,
  "avg_path_score": 0.6,
  "avg_overall_score": 0.4806023361506286
}