{
  "total_queries": 5,
  "avg_response_time": 20.082747316360475,
  "avg_relevance_score": 0.6033393740653992,
  "avg_context_score": 0.6380566801619433,
  "avg_path_score": 1.0,
  "avg_overall_score": 0.7471320180757808
}